[
  {
    "country": "Ascension Island",
    "code": "AC",
    "emoji": "🇦🇨",
    "unicode": "U+1F1E6 U+1F1E8",
    "image": "https://cdn.jsdelivr.net/npm/country-flag-emoji-json@2.0.0/dist/images/AC.svg",
    "dial_code": "+247"
  },
  {
    "country": "Andorra",
    "code": "AD",
    "emoji": "🇦🇩",
    "unicode": "U+1F1E6 U+1F1E9",
    "image": "https://cdn.jsdelivr.net/npm/country-flag-emoji-json@2.0.0/dist/images/AD.svg",
    "dial_code": "+376"
  },
  {
    "country": "United Arab Emirates",
    "code": "AE",
    "emoji": "🇦🇪",
    "unicode": "U+1F1E6 U+1F1EA",
    "image": "https://cdn.jsdelivr.net/npm/country-flag-emoji-json@2.0.0/dist/images/AE.svg",
    "dial_code": "+971"
  },
  {
    "country": "Afghanistan",
    "code": "AF",
    "emoji": "🇦🇫",
    "unicode": "U+1F1E6 U+1F1EB",
    "image": "https://cdn.jsdelivr.net/npm/country-flag-emoji-json@2.0.0/dist/images/AF.svg",
    "dial_code": "+93"
  },
  {
    "country": "Antigua & Barbuda",
    "code": "AG",
    "emoji": "🇦🇬",
    "unicode": "U+1F1E6 U+1F1EC",
    "image": "https://cdn.jsdelivr.net/npm/country-flag-emoji-json@2.0.0/dist/images/AG.svg",
    "dial_code": "+1268"
  },
  {
    "country": "Anguilla",
    "code": "AI",
    "emoji": "🇦🇮",
    "unicode": "U+1F1E6 U+1F1EE",
    "image": "https://cdn.jsdelivr.net/npm/country-flag-emoji-json@2.0.0/dist/images/AI.svg",
    "dial_code": "+1264"
  },
  {
    "country": "Albania",
    "code": "AL",
    "emoji": "🇦🇱",
    "unicode": "U+1F1E6 U+1F1F1",
    "image": "https://cdn.jsdelivr.net/npm/country-flag-emoji-json@2.0.0/dist/images/AL.svg",
    "dial_code": "+355"
  },
  {
    "country": "Armenia",
    "code": "AM",
    "emoji": "🇦🇲",
    "unicode": "U+1F1E6 U+1F1F2",
    "image": "https://cdn.jsdelivr.net/npm/country-flag-emoji-json@2.0.0/dist/images/AM.svg",
    "dial_code": "+374"
  },
  {
    "country": "Angola",
    "code": "AO",
    "emoji": "🇦🇴",
    "unicode": "U+1F1E6 U+1F1F4",
    "image": "https://cdn.jsdelivr.net/npm/country-flag-emoji-json@2.0.0/dist/images/AO.svg",
    "dial_code": "+244"
  },
  {
    "country": "Antarctica",
    "code": "AQ",
    "emoji": "🇦🇶",
    "unicode": "U+1F1E6 U+1F1F6",
    "image": "https://cdn.jsdelivr.net/npm/country-flag-emoji-json@2.0.0/dist/images/AQ.svg",
    "dial_code": "+672"
  },
  {
    "country": "Argentina",
    "code": "AR",
    "emoji": "🇦🇷",
    "unicode": "U+1F1E6 U+1F1F7",
    "image": "https://cdn.jsdelivr.net/npm/country-flag-emoji-json@2.0.0/dist/images/AR.svg",
    "dial_code": "+54"
  },
  {
    "country": "American Samoa",
    "code": "AS",
    "emoji": "🇦🇸",
    "unicode": "U+1F1E6 U+1F1F8",
    "image": "https://cdn.jsdelivr.net/npm/country-flag-emoji-json@2.0.0/dist/images/AS.svg",
    "dial_code": "+1684"
  },
  {
    "country": "Austria",
    "code": "AT",
    "emoji": "🇦🇹",
    "unicode": "U+1F1E6 U+1F1F9",
    "image": "https://cdn.jsdelivr.net/npm/country-flag-emoji-json@2.0.0/dist/images/AT.svg",
    "dial_code": "+43"
  },
  {
    "country": "Australia",
    "code": "AU",
    "emoji": "🇦🇺",
    "unicode": "U+1F1E6 U+1F1FA",
    "image": "https://cdn.jsdelivr.net/npm/country-flag-emoji-json@2.0.0/dist/images/AU.svg",
    "dial_code": "+61"
  },
  {
    "country": "Aruba",
    "code": "AW",
    "emoji": "🇦🇼",
    "unicode": "U+1F1E6 U+1F1FC",
    "image": "https://cdn.jsdelivr.net/npm/country-flag-emoji-json@2.0.0/dist/images/AW.svg",
    "dial_code": "+297"
  },
  {
    "country": "Åland Islands",
    "code": "AX",
    "emoji": "🇦🇽",
    "unicode": "U+1F1E6 U+1F1FD",
    "image": "https://cdn.jsdelivr.net/npm/country-flag-emoji-json@2.0.0/dist/images/AX.svg",
    "dial_code": "+35"
  },
  {
    "country": "Azerbaijan",
    "code": "AZ",
    "emoji": "🇦🇿",
    "unicode": "U+1F1E6 U+1F1FF",
    "image": "https://cdn.jsdelivr.net/npm/country-flag-emoji-json@2.0.0/dist/images/AZ.svg",
    "dial_code": "+994"
  },
  {
    "country": "Bosnia & Herzegovina",
    "code": "BA",
    "emoji": "🇧🇦",
    "unicode": "U+1F1E7 U+1F1E6",
    "image": "https://cdn.jsdelivr.net/npm/country-flag-emoji-json@2.0.0/dist/images/BA.svg",
    "dial_code": "+387"
  },
  {
    "country": "Barbados",
    "code": "BB",
    "emoji": "🇧🇧",
    "unicode": "U+1F1E7 U+1F1E7",
    "image": "https://cdn.jsdelivr.net/npm/country-flag-emoji-json@2.0.0/dist/images/BB.svg",
    "dial_code": "+1246"
  },
  {
    "country": "Bangladesh",
    "code": "BD",
    "emoji": "🇧🇩",
    "unicode": "U+1F1E7 U+1F1E9",
    "image": "https://cdn.jsdelivr.net/npm/country-flag-emoji-json@2.0.0/dist/images/BD.svg",
    "dial_code": "+880"
  },
  {
    "country": "Belgium",
    "code": "BE",
    "emoji": "🇧🇪",
    "unicode": "U+1F1E7 U+1F1EA",
    "image": "https://cdn.jsdelivr.net/npm/country-flag-emoji-json@2.0.0/dist/images/BE.svg",
    "dial_code": "+32"
  },
  {
    "country": "Burkina Faso",
    "code": "BF",
    "emoji": "🇧🇫",
    "unicode": "U+1F1E7 U+1F1EB",
    "image": "https://cdn.jsdelivr.net/npm/country-flag-emoji-json@2.0.0/dist/images/BF.svg",
    "dial_code": "+226"
  },
  {
    "country": "Bulgaria",
    "code": "BG",
    "emoji": "🇧🇬",
    "unicode": "U+1F1E7 U+1F1EC",
    "image": "https://cdn.jsdelivr.net/npm/country-flag-emoji-json@2.0.0/dist/images/BG.svg",
    "dial_code": "+359"
  },
  {
    "country": "Bahrain",
    "code": "BH",
    "emoji": "🇧🇭",
    "unicode": "U+1F1E7 U+1F1ED",
    "image": "https://cdn.jsdelivr.net/npm/country-flag-emoji-json@2.0.0/dist/images/BH.svg",
    "dial_code": "+973"
  },
  {
    "country": "Burundi",
    "code": "BI",
    "emoji": "🇧🇮",
    "unicode": "U+1F1E7 U+1F1EE",
    "image": "https://cdn.jsdelivr.net/npm/country-flag-emoji-json@2.0.0/dist/images/BI.svg",
    "dial_code": "+257"
  },
  {
    "country": "Benin",
    "code": "BJ",
    "emoji": "🇧🇯",
    "unicode": "U+1F1E7 U+1F1EF",
    "image": "https://cdn.jsdelivr.net/npm/country-flag-emoji-json@2.0.0/dist/images/BJ.svg",
    "dial_code": "+229"
  },
  {
    "country": "St. Barthélemy",
    "code": "BL",
    "emoji": "🇧🇱",
    "unicode": "U+1F1E7 U+1F1F1",
    "image": "https://cdn.jsdelivr.net/npm/country-flag-emoji-json@2.0.0/dist/images/BL.svg",
    "dial_code": "+590"
  },
  {
    "country": "Bermuda",
    "code": "BM",
    "emoji": "🇧🇲",
    "unicode": "U+1F1E7 U+1F1F2",
    "image": "https://cdn.jsdelivr.net/npm/country-flag-emoji-json@2.0.0/dist/images/BM.svg",
    "dial_code": "+1441"
  },
  {
    "country": "Brunei",
    "code": "BN",
    "emoji": "🇧🇳",
    "unicode": "U+1F1E7 U+1F1F3",
    "image": "https://cdn.jsdelivr.net/npm/country-flag-emoji-json@2.0.0/dist/images/BN.svg",
    "dial_code": "+673"
  },
  {
    "country": "Bolivia",
    "code": "BO",
    "emoji": "🇧🇴",
    "unicode": "U+1F1E7 U+1F1F4",
    "image": "https://cdn.jsdelivr.net/npm/country-flag-emoji-json@2.0.0/dist/images/BO.svg",
    "dial_code": "+591"
  },
  {
    "country": "Caribbean Netherlands",
    "code": "BQ",
    "emoji": "🇧🇶",
    "unicode": "U+1F1E7 U+1F1F6",
    "image": "https://cdn.jsdelivr.net/npm/country-flag-emoji-json@2.0.0/dist/images/BQ.svg",
    "dial_code": "+599"
  },
  {
    "country": "Brazil",
    "code": "BR",
    "emoji": "🇧🇷",
    "unicode": "U+1F1E7 U+1F1F7",
    "image": "https://cdn.jsdelivr.net/npm/country-flag-emoji-json@2.0.0/dist/images/BR.svg",
    "dial_code": "+55"
  },
  {
    "country": "Bahamas",
    "code": "BS",
    "emoji": "🇧🇸",
    "unicode": "U+1F1E7 U+1F1F8",
    "image": "https://cdn.jsdelivr.net/npm/country-flag-emoji-json@2.0.0/dist/images/BS.svg",
    "dial_code": "+1242"
  },
  {
    "country": "Bhutan",
    "code": "BT",
    "emoji": "🇧🇹",
    "unicode": "U+1F1E7 U+1F1F9",
    "image": "https://cdn.jsdelivr.net/npm/country-flag-emoji-json@2.0.0/dist/images/BT.svg",
    "dial_code": "+975"
  },
  {
    "country": "Bouvet Island",
    "code": "BV",
    "emoji": "🇧🇻",
    "unicode": "U+1F1E7 U+1F1FB",
    "image": "https://cdn.jsdelivr.net/npm/country-flag-emoji-json@2.0.0/dist/images/BV.svg",
    "dial_code": "+47"
  },
  {
    "country": "Botswana",
    "code": "BW",
    "emoji": "🇧🇼",
    "unicode": "U+1F1E7 U+1F1FC",
    "image": "https://cdn.jsdelivr.net/npm/country-flag-emoji-json@2.0.0/dist/images/BW.svg",
    "dial_code": "+267"
  },
  {
    "country": "Belarus",
    "code": "BY",
    "emoji": "🇧🇾",
    "unicode": "U+1F1E7 U+1F1FE",
    "image": "https://cdn.jsdelivr.net/npm/country-flag-emoji-json@2.0.0/dist/images/BY.svg",
    "dial_code": "+375"
  },
  {
    "country": "Belize",
    "code": "BZ",
    "emoji": "🇧🇿",
    "unicode": "U+1F1E7 U+1F1FF",
    "image": "https://cdn.jsdelivr.net/npm/country-flag-emoji-json@2.0.0/dist/images/BZ.svg",
    "dial_code": "+501"
  },
  {
    "country": "Canada",
    "code": "CA",
    "emoji": "🇨🇦",
    "unicode": "U+1F1E8 U+1F1E6",
    "image": "https://cdn.jsdelivr.net/npm/country-flag-emoji-json@2.0.0/dist/images/CA.svg",
    "dial_code": "+1"
  },
  {
    "country": "Cocos (Keeling) Islands",
    "code": "CC",
    "emoji": "🇨🇨",
    "unicode": "U+1F1E8 U+1F1E8",
    "image": "https://cdn.jsdelivr.net/npm/country-flag-emoji-json@2.0.0/dist/images/CC.svg",
    "dial_code": "+61"
  },
  {
    "country": "Congo - Kinshasa",
    "code": "CD",
    "emoji": "🇨🇩",
    "unicode": "U+1F1E8 U+1F1E9",
    "image": "https://cdn.jsdelivr.net/npm/country-flag-emoji-json@2.0.0/dist/images/CD.svg",
    "dial_code": "+243"
  },
  {
    "country": "Central African Republic",
    "code": "CF",
    "emoji": "🇨🇫",
    "unicode": "U+1F1E8 U+1F1EB",
    "image": "https://cdn.jsdelivr.net/npm/country-flag-emoji-json@2.0.0/dist/images/CF.svg",
    "dial_code": "+236"
  },
  {
    "country": "Congo - Brazzaville",
    "code": "CG",
    "emoji": "🇨🇬",
    "unicode": "U+1F1E8 U+1F1EC",
    "image": "https://cdn.jsdelivr.net/npm/country-flag-emoji-json@2.0.0/dist/images/CG.svg",
    "dial_code": "+242"
  },
  {
    "country": "Switzerland",
    "code": "CH",
    "emoji": "🇨🇭",
    "unicode": "U+1F1E8 U+1F1ED",
    "image": "https://cdn.jsdelivr.net/npm/country-flag-emoji-json@2.0.0/dist/images/CH.svg",
    "dial_code": "+41"
  },
  {
    "country": "Côte d’Ivoire",
    "code": "CI",
    "emoji": "🇨🇮",
    "unicode": "U+1F1E8 U+1F1EE",
    "image": "https://cdn.jsdelivr.net/npm/country-flag-emoji-json@2.0.0/dist/images/CI.svg",
    "dial_code": "+225"
  },
  {
    "country": "Cook Islands",
    "code": "CK",
    "emoji": "🇨🇰",
    "unicode": "U+1F1E8 U+1F1F0",
    "image": "https://cdn.jsdelivr.net/npm/country-flag-emoji-json@2.0.0/dist/images/CK.svg",
    "dial_code": "+682"
  },
  {
    "country": "Chile",
    "code": "CL",
    "emoji": "🇨🇱",
    "unicode": "U+1F1E8 U+1F1F1",
    "image": "https://cdn.jsdelivr.net/npm/country-flag-emoji-json@2.0.0/dist/images/CL.svg",
    "dial_code": "+56"
  },
  {
    "country": "Cameroon",
    "code": "CM",
    "emoji": "🇨🇲",
    "unicode": "U+1F1E8 U+1F1F2",
    "image": "https://cdn.jsdelivr.net/npm/country-flag-emoji-json@2.0.0/dist/images/CM.svg",
    "dial_code": "+237"
  },
  {
    "country": "China",
    "code": "CN",
    "emoji": "🇨🇳",
    "unicode": "U+1F1E8 U+1F1F3",
    "image": "https://cdn.jsdelivr.net/npm/country-flag-emoji-json@2.0.0/dist/images/CN.svg",
    "dial_code": "+86"
  },
  {
    "country": "Colombia",
    "code": "CO",
    "emoji": "🇨🇴",
    "unicode": "U+1F1E8 U+1F1F4",
    "image": "https://cdn.jsdelivr.net/npm/country-flag-emoji-json@2.0.0/dist/images/CO.svg",
    "dial_code": "+57"
  },
  {
    "country": "Clipperton Island",
    "code": "CP",
    "emoji": "🇨🇵",
    "unicode": "U+1F1E8 U+1F1F5",
    "image": "https://cdn.jsdelivr.net/npm/country-flag-emoji-json@2.0.0/dist/images/CP.svg",
    "dial_code": "+52"
  },
  {
    "country": "Costa Rica",
    "code": "CR",
    "emoji": "🇨🇷",
    "unicode": "U+1F1E8 U+1F1F7",
    "image": "https://cdn.jsdelivr.net/npm/country-flag-emoji-json@2.0.0/dist/images/CR.svg",
    "dial_code": "+506"
  },
  {
    "country": "Cuba",
    "code": "CU",
    "emoji": "🇨🇺",
    "unicode": "U+1F1E8 U+1F1FA",
    "image": "https://cdn.jsdelivr.net/npm/country-flag-emoji-json@2.0.0/dist/images/CU.svg",
    "dial_code": "+53"
  },
  {
    "country": "Cape Verde",
    "code": "CV",
    "emoji": "🇨🇻",
    "unicode": "U+1F1E8 U+1F1FB",
    "image": "https://cdn.jsdelivr.net/npm/country-flag-emoji-json@2.0.0/dist/images/CV.svg",
    "dial_code": "+238"
  },
  {
    "country": "Curaçao",
    "code": "CW",
    "emoji": "🇨🇼",
    "unicode": "U+1F1E8 U+1F1FC",
    "image": "https://cdn.jsdelivr.net/npm/country-flag-emoji-json@2.0.0/dist/images/CW.svg",
    "dial_code": "+599"
  },
  {
    "country": "Christmas Island",
    "code": "CX",
    "emoji": "🇨🇽",
    "unicode": "U+1F1E8 U+1F1FD",
    "image": "https://cdn.jsdelivr.net/npm/country-flag-emoji-json@2.0.0/dist/images/CX.svg",
    "dial_code": "+61"
  },
  {
    "country": "Cyprus",
    "code": "CY",
    "emoji": "🇨🇾",
    "unicode": "U+1F1E8 U+1F1FE",
    "image": "https://cdn.jsdelivr.net/npm/country-flag-emoji-json@2.0.0/dist/images/CY.svg",
    "dial_code": "+357"
  },
  {
    "country": "Czechia",
    "code": "CZ",
    "emoji": "🇨🇿",
    "unicode": "U+1F1E8 U+1F1FF",
    "image": "https://cdn.jsdelivr.net/npm/country-flag-emoji-json@2.0.0/dist/images/CZ.svg",
    "dial_code": "+420"
  },
  {
    "country": "Germany",
    "code": "DE",
    "emoji": "🇩🇪",
    "unicode": "U+1F1E9 U+1F1EA",
    "image": "https://cdn.jsdelivr.net/npm/country-flag-emoji-json@2.0.0/dist/images/DE.svg",
    "dial_code": "+49"
  },
  {
    "country": "Diego Garcia",
    "code": "DG",
    "emoji": "🇩🇬",
    "unicode": "U+1F1E9 U+1F1EC",
    "image": "https://cdn.jsdelivr.net/npm/country-flag-emoji-json@2.0.0/dist/images/DG.svg",
    "dial_code": "+246"
  },
  {
    "country": "Djibouti",
    "code": "DJ",
    "emoji": "🇩🇯",
    "unicode": "U+1F1E9 U+1F1EF",
    "image": "https://cdn.jsdelivr.net/npm/country-flag-emoji-json@2.0.0/dist/images/DJ.svg",
    "dial_code": "+253"
  },
  {
    "country": "Denmark",
    "code": "DK",
    "emoji": "🇩🇰",
    "unicode": "U+1F1E9 U+1F1F0",
    "image": "https://cdn.jsdelivr.net/npm/country-flag-emoji-json@2.0.0/dist/images/DK.svg",
    "dial_code": "+45"
  },
  {
    "country": "Dominica",
    "code": "DM",
    "emoji": "🇩🇲",
    "unicode": "U+1F1E9 U+1F1F2",
    "image": "https://cdn.jsdelivr.net/npm/country-flag-emoji-json@2.0.0/dist/images/DM.svg",
    "dial_code": "+1767"
  },
  {
    "country": "Dominican Republic",
    "code": "DO",
    "emoji": "🇩🇴",
    "unicode": "U+1F1E9 U+1F1F4",
    "image": "https://cdn.jsdelivr.net/npm/country-flag-emoji-json@2.0.0/dist/images/DO.svg",
    "dial_code": "+1849"
  },
  {
    "country": "Algeria",
    "code": "DZ",
    "emoji": "🇩🇿",
    "unicode": "U+1F1E9 U+1F1FF",
    "image": "https://cdn.jsdelivr.net/npm/country-flag-emoji-json@2.0.0/dist/images/DZ.svg",
    "dial_code": "+213"
  },
  {
    "country": "Ceuta & Melilla",
    "code": "EA",
    "emoji": "🇪🇦",
    "unicode": "U+1F1EA U+1F1E6",
    "image": "https://cdn.jsdelivr.net/npm/country-flag-emoji-json@2.0.0/dist/images/EA.svg",
    "dial_code": "+34"
  },
  {
    "country": "Ecuador",
    "code": "EC",
    "emoji": "🇪🇨",
    "unicode": "U+1F1EA U+1F1E8",
    "image": "https://cdn.jsdelivr.net/npm/country-flag-emoji-json@2.0.0/dist/images/EC.svg",
    "dial_code": "+593"
  },
  {
    "country": "Estonia",
    "code": "EE",
    "emoji": "🇪🇪",
    "unicode": "U+1F1EA U+1F1EA",
    "image": "https://cdn.jsdelivr.net/npm/country-flag-emoji-json@2.0.0/dist/images/EE.svg",
    "dial_code": "+372"
  },
  {
    "country": "Egypt",
    "code": "EG",
    "emoji": "🇪🇬",
    "unicode": "U+1F1EA U+1F1EC",
    "image": "https://cdn.jsdelivr.net/npm/country-flag-emoji-json@2.0.0/dist/images/EG.svg",
    "dial_code": "+20"
  },
  {
    "country": "Western Sahara",
    "code": "EH",
    "emoji": "🇪🇭",
    "unicode": "U+1F1EA U+1F1ED",
    "image": "https://cdn.jsdelivr.net/npm/country-flag-emoji-json@2.0.0/dist/images/EH.svg",
    "dial_code": "+212"
  },
  {
    "country": "Eritrea",
    "code": "ER",
    "emoji": "🇪🇷",
    "unicode": "U+1F1EA U+1F1F7",
    "image": "https://cdn.jsdelivr.net/npm/country-flag-emoji-json@2.0.0/dist/images/ER.svg",
    "dial_code": "+291"
  },
  {
    "country": "Spain",
    "code": "ES",
    "emoji": "🇪🇸",
    "unicode": "U+1F1EA U+1F1F8",
    "image": "https://cdn.jsdelivr.net/npm/country-flag-emoji-json@2.0.0/dist/images/ES.svg",
    "dial_code": "+34"
  },
  {
    "country": "Ethiopia",
    "code": "ET",
    "emoji": "🇪🇹",
    "unicode": "U+1F1EA U+1F1F9",
    "image": "https://cdn.jsdelivr.net/npm/country-flag-emoji-json@2.0.0/dist/images/ET.svg",
    "dial_code": "+251"
  },
  {
    "country": "European Union",
    "code": "EU",
    "emoji": "🇪🇺",
    "unicode": "U+1F1EA U+1F1FA",
    "image": "https://cdn.jsdelivr.net/npm/country-flag-emoji-json@2.0.0/dist/images/EU.svg",
    "dial_code": "+32"
  },
  {
    "country": "Finland",
    "code": "FI",
    "emoji": "🇫🇮",
    "unicode": "U+1F1EB U+1F1EE",
    "image": "https://cdn.jsdelivr.net/npm/country-flag-emoji-json@2.0.0/dist/images/FI.svg",
    "dial_code": "+358"
  },
  {
    "country": "Fiji",
    "code": "FJ",
    "emoji": "🇫🇯",
    "unicode": "U+1F1EB U+1F1EF",
    "image": "https://cdn.jsdelivr.net/npm/country-flag-emoji-json@2.0.0/dist/images/FJ.svg",
    "dial_code": "+679"
  },
  {
    "country": "Falkland Islands",
    "code": "FK",
    "emoji": "🇫🇰",
    "unicode": "U+1F1EB U+1F1F0",
    "image": "https://cdn.jsdelivr.net/npm/country-flag-emoji-json@2.0.0/dist/images/FK.svg",
    "dial_code": "+500"
  },
  {
    "country": "Micronesia",
    "code": "FM",
    "emoji": "🇫🇲",
    "unicode": "U+1F1EB U+1F1F2",
    "image": "https://cdn.jsdelivr.net/npm/country-flag-emoji-json@2.0.0/dist/images/FM.svg",
    "dial_code": "+691"
  },
  {
    "country": "Faroe Islands",
    "code": "FO",
    "emoji": "🇫🇴",
    "unicode": "U+1F1EB U+1F1F4",
    "image": "https://cdn.jsdelivr.net/npm/country-flag-emoji-json@2.0.0/dist/images/FO.svg",
    "dial_code": "+298"
  },
  {
    "country": "France",
    "code": "FR",
    "emoji": "🇫🇷",
    "unicode": "U+1F1EB U+1F1F7",
    "image": "https://cdn.jsdelivr.net/npm/country-flag-emoji-json@2.0.0/dist/images/FR.svg",
    "dial_code": "+33"
  },
  {
    "country": "Gabon",
    "code": "GA",
    "emoji": "🇬🇦",
    "unicode": "U+1F1EC U+1F1E6",
    "image": "https://cdn.jsdelivr.net/npm/country-flag-emoji-json@2.0.0/dist/images/GA.svg",
    "dial_code": "+241"
  },
  {
    "country": "United Kingdom",
    "code": "GB",
    "emoji": "🇬🇧",
    "unicode": "U+1F1EC U+1F1E7",
    "image": "https://cdn.jsdelivr.net/npm/country-flag-emoji-json@2.0.0/dist/images/GB.svg",
    "dial_code": "+44"
  },
  {
    "country": "Grenada",
    "code": "GD",
    "emoji": "🇬🇩",
    "unicode": "U+1F1EC U+1F1E9",
    "image": "https://cdn.jsdelivr.net/npm/country-flag-emoji-json@2.0.0/dist/images/GD.svg",
    "dial_code": "+1473"
  },
  {
    "country": "Georgia",
    "code": "GE",
    "emoji": "🇬🇪",
    "unicode": "U+1F1EC U+1F1EA",
    "image": "https://cdn.jsdelivr.net/npm/country-flag-emoji-json@2.0.0/dist/images/GE.svg",
    "dial_code": "+995"
  },
  {
    "country": "French Guiana",
    "code": "GF",
    "emoji": "🇬🇫",
    "unicode": "U+1F1EC U+1F1EB",
    "image": "https://cdn.jsdelivr.net/npm/country-flag-emoji-json@2.0.0/dist/images/GF.svg",
    "dial_code": "+594"
  },
  {
    "country": "Guernsey",
    "code": "GG",
    "emoji": "🇬🇬",
    "unicode": "U+1F1EC U+1F1EC",
    "image": "https://cdn.jsdelivr.net/npm/country-flag-emoji-json@2.0.0/dist/images/GG.svg",
    "dial_code": "+44"
  },
  {
    "country": "Ghana",
    "code": "GH",
    "emoji": "🇬🇭",
    "unicode": "U+1F1EC U+1F1ED",
    "image": "https://cdn.jsdelivr.net/npm/country-flag-emoji-json@2.0.0/dist/images/GH.svg",
    "dial_code": "+233"
  },
  {
    "country": "Gibraltar",
    "code": "GI",
    "emoji": "🇬🇮",
    "unicode": "U+1F1EC U+1F1EE",
    "image": "https://cdn.jsdelivr.net/npm/country-flag-emoji-json@2.0.0/dist/images/GI.svg",
    "dial_code": "+350"
  },
  {
    "country": "Greenland",
    "code": "GL",
    "emoji": "🇬🇱",
    "unicode": "U+1F1EC U+1F1F1",
    "image": "https://cdn.jsdelivr.net/npm/country-flag-emoji-json@2.0.0/dist/images/GL.svg",
    "dial_code": "+299"
  },
  {
    "country": "Gambia",
    "code": "GM",
    "emoji": "🇬🇲",
    "unicode": "U+1F1EC U+1F1F2",
    "image": "https://cdn.jsdelivr.net/npm/country-flag-emoji-json@2.0.0/dist/images/GM.svg",
    "dial_code": "+220"
  },
  {
    "country": "Guinea",
    "code": "GN",
    "emoji": "🇬🇳",
    "unicode": "U+1F1EC U+1F1F3",
    "image": "https://cdn.jsdelivr.net/npm/country-flag-emoji-json@2.0.0/dist/images/GN.svg",
    "dial_code": "+224"
  },
  {
    "country": "Guadeloupe",
    "code": "GP",
    "emoji": "🇬🇵",
    "unicode": "U+1F1EC U+1F1F5",
    "image": "https://cdn.jsdelivr.net/npm/country-flag-emoji-json@2.0.0/dist/images/GP.svg",
    "dial_code": "+590"
  },
  {
    "country": "Equatorial Guinea",
    "code": "GQ",
    "emoji": "🇬🇶",
    "unicode": "U+1F1EC U+1F1F6",
    "image": "https://cdn.jsdelivr.net/npm/country-flag-emoji-json@2.0.0/dist/images/GQ.svg",
    "dial_code": "+240"
  },
  {
    "country": "Greece",
    "code": "GR",
    "emoji": "🇬🇷",
    "unicode": "U+1F1EC U+1F1F7",
    "image": "https://cdn.jsdelivr.net/npm/country-flag-emoji-json@2.0.0/dist/images/GR.svg",
    "dial_code": "+30"
  },
  {
    "country": "South Georgia & South Sandwich Islands",
    "code": "GS",
    "emoji": "🇬🇸",
    "unicode": "U+1F1EC U+1F1F8",
    "image": "https://cdn.jsdelivr.net/npm/country-flag-emoji-json@2.0.0/dist/images/GS.svg",
    "dial_code": "+500"
  },
  {
    "country": "Guatemala",
    "code": "GT",
    "emoji": "🇬🇹",
    "unicode": "U+1F1EC U+1F1F9",
    "image": "https://cdn.jsdelivr.net/npm/country-flag-emoji-json@2.0.0/dist/images/GT.svg",
    "dial_code": "+502"
  },
  {
    "country": "Guam",
    "code": "GU",
    "emoji": "🇬🇺",
    "unicode": "U+1F1EC U+1F1FA",
    "image": "https://cdn.jsdelivr.net/npm/country-flag-emoji-json@2.0.0/dist/images/GU.svg",
    "dial_code": "+1671"
  },
  {
    "country": "Guinea-Bissau",
    "code": "GW",
    "emoji": "🇬🇼",
    "unicode": "U+1F1EC U+1F1FC",
    "image": "https://cdn.jsdelivr.net/npm/country-flag-emoji-json@2.0.0/dist/images/GW.svg",
    "dial_code": "+245"
  },
  {
    "country": "Guyana",
    "code": "GY",
    "emoji": "🇬🇾",
    "unicode": "U+1F1EC U+1F1FE",
    "image": "https://cdn.jsdelivr.net/npm/country-flag-emoji-json@2.0.0/dist/images/GY.svg",
    "dial_code": "+595"
  },
  {
    "country": "Hong Kong SAR China",
    "code": "HK",
    "emoji": "🇭🇰",
    "unicode": "U+1F1ED U+1F1F0",
    "image": "https://cdn.jsdelivr.net/npm/country-flag-emoji-json@2.0.0/dist/images/HK.svg",
    "dial_code": "+85"
  },
  {
    "country": "Heard & McDonald Islands",
    "code": "HM",
    "emoji": "🇭🇲",
    "unicode": "U+1F1ED U+1F1F2",
    "image": "https://cdn.jsdelivr.net/npm/country-flag-emoji-json@2.0.0/dist/images/HM.svg",
    "dial_code": "+672"
  },
  {
    "country": "Honduras",
    "code": "HN",
    "emoji": "🇭🇳",
    "unicode": "U+1F1ED U+1F1F3",
    "image": "https://cdn.jsdelivr.net/npm/country-flag-emoji-json@2.0.0/dist/images/HN.svg",
    "dial_code": "+504"
  },
  {
    "country": "Croatia",
    "code": "HR",
    "emoji": "🇭🇷",
    "unicode": "U+1F1ED U+1F1F7",
    "image": "https://cdn.jsdelivr.net/npm/country-flag-emoji-json@2.0.0/dist/images/HR.svg",
    "dial_code": "+385"
  },
  {
    "country": "Haiti",
    "code": "HT",
    "emoji": "🇭🇹",
    "unicode": "U+1F1ED U+1F1F9",
    "image": "https://cdn.jsdelivr.net/npm/country-flag-emoji-json@2.0.0/dist/images/HT.svg",
    "dial_code": "+509"
  },
  {
    "country": "Hungary",
    "code": "HU",
    "emoji": "🇭🇺",
    "unicode": "U+1F1ED U+1F1FA",
    "image": "https://cdn.jsdelivr.net/npm/country-flag-emoji-json@2.0.0/dist/images/HU.svg",
    "dial_code": "+36"
  },
  {
    "country": "Canary Islands",
    "code": "IC",
    "emoji": "🇮🇨",
    "unicode": "U+1F1EE U+1F1E8",
    "image": "https://cdn.jsdelivr.net/npm/country-flag-emoji-json@2.0.0/dist/images/IC.svg",
    "dial_code": "+34"
  },
  {
    "country": "Indonesia",
    "code": "ID",
    "emoji": "🇮🇩",
    "unicode": "U+1F1EE U+1F1E9",
    "image": "https://cdn.jsdelivr.net/npm/country-flag-emoji-json@2.0.0/dist/images/ID.svg",
    "dial_code": "+62"
  },
  {
    "country": "Ireland",
    "code": "IE",
    "emoji": "🇮🇪",
    "unicode": "U+1F1EE U+1F1EA",
    "image": "https://cdn.jsdelivr.net/npm/country-flag-emoji-json@2.0.0/dist/images/IE.svg",
    "dial_code": "+353"
  },
  {
    "country": "Israel",
    "code": "IL",
    "emoji": "🇮🇱",
    "unicode": "U+1F1EE U+1F1F1",
    "image": "https://cdn.jsdelivr.net/npm/country-flag-emoji-json@2.0.0/dist/images/IL.svg",
    "dial_code": "+972"
  },
  {
    "country": "Isle of Man",
    "code": "IM",
    "emoji": "🇮🇲",
    "unicode": "U+1F1EE U+1F1F2",
    "image": "https://cdn.jsdelivr.net/npm/country-flag-emoji-json@2.0.0/dist/images/IM.svg",
    "dial_code": "+44"
  },
  {
    "country": "India",
    "code": "IN",
    "emoji": "🇮🇳",
    "unicode": "U+1F1EE U+1F1F3",
    "image": "https://cdn.jsdelivr.net/npm/country-flag-emoji-json@2.0.0/dist/images/IN.svg",
    "dial_code": "+91"
  },
  {
    "country": "British Indian Ocean Territory",
    "code": "IO",
    "emoji": "🇮🇴",
    "unicode": "U+1F1EE U+1F1F4",
    "image": "https://cdn.jsdelivr.net/npm/country-flag-emoji-json@2.0.0/dist/images/IO.svg",
    "dial_code": "+246"
  },
  {
    "country": "Iraq",
    "code": "IQ",
    "emoji": "🇮🇶",
    "unicode": "U+1F1EE U+1F1F6",
    "image": "https://cdn.jsdelivr.net/npm/country-flag-emoji-json@2.0.0/dist/images/IQ.svg",
    "dial_code": "+964"
  },
  {
    "country": "Iran",
    "code": "IR",
    "emoji": "🇮🇷",
    "unicode": "U+1F1EE U+1F1F7",
    "image": "https://cdn.jsdelivr.net/npm/country-flag-emoji-json@2.0.0/dist/images/IR.svg",
    "dial_code": "+98"
  },
  {
    "country": "Iceland",
    "code": "IS",
    "emoji": "🇮🇸",
    "unicode": "U+1F1EE U+1F1F8",
    "image": "https://cdn.jsdelivr.net/npm/country-flag-emoji-json@2.0.0/dist/images/IS.svg",
    "dial_code": "+354"
  },
  {
    "country": "Italy",
    "code": "IT",
    "emoji": "🇮🇹",
    "unicode": "U+1F1EE U+1F1F9",
    "image": "https://cdn.jsdelivr.net/npm/country-flag-emoji-json@2.0.0/dist/images/IT.svg",
    "dial_code": "+39"
  },
  {
    "country": "Jersey",
    "code": "JE",
    "emoji": "🇯🇪",
    "unicode": "U+1F1EF U+1F1EA",
    "image": "https://cdn.jsdelivr.net/npm/country-flag-emoji-json@2.0.0/dist/images/JE.svg",
    "dial_code": "+44"
  },
  {
    "country": "Jamaica",
    "code": "JM",
    "emoji": "🇯🇲",
    "unicode": "U+1F1EF U+1F1F2",
    "image": "https://cdn.jsdelivr.net/npm/country-flag-emoji-json@2.0.0/dist/images/JM.svg",
    "dial_code": "+1876"
  },
  {
    "country": "Jordan",
    "code": "JO",
    "emoji": "🇯🇴",
    "unicode": "U+1F1EF U+1F1F4",
    "image": "https://cdn.jsdelivr.net/npm/country-flag-emoji-json@2.0.0/dist/images/JO.svg",
    "dial_code": "+962"
  },
  {
    "country": "Japan",
    "code": "JP",
    "emoji": "🇯🇵",
    "unicode": "U+1F1EF U+1F1F5",
    "image": "https://cdn.jsdelivr.net/npm/country-flag-emoji-json@2.0.0/dist/images/JP.svg",
    "dial_code": "+81"
  },
  {
    "country": "Kenya",
    "code": "KE",
    "emoji": "🇰🇪",
    "unicode": "U+1F1F0 U+1F1EA",
    "image": "https://cdn.jsdelivr.net/npm/country-flag-emoji-json@2.0.0/dist/images/KE.svg",
    "dial_code": "+254"
  },
  {
    "country": "Kyrgyzstan",
    "code": "KG",
    "emoji": "🇰🇬",
    "unicode": "U+1F1F0 U+1F1EC",
    "image": "https://cdn.jsdelivr.net/npm/country-flag-emoji-json@2.0.0/dist/images/KG.svg",
    "dial_code": "+996"
  },
  {
    "country": "Cambodia",
    "code": "KH",
    "emoji": "🇰🇭",
    "unicode": "U+1F1F0 U+1F1ED",
    "image": "https://cdn.jsdelivr.net/npm/country-flag-emoji-json@2.0.0/dist/images/KH.svg",
    "dial_code": "+855"
  },
  {
    "country": "Kiribati",
    "code": "KI",
    "emoji": "🇰🇮",
    "unicode": "U+1F1F0 U+1F1EE",
    "image": "https://cdn.jsdelivr.net/npm/country-flag-emoji-json@2.0.0/dist/images/KI.svg",
    "dial_code": "+686"
  },
  {
    "country": "Comoros",
    "code": "KM",
    "emoji": "🇰🇲",
    "unicode": "U+1F1F0 U+1F1F2",
    "image": "https://cdn.jsdelivr.net/npm/country-flag-emoji-json@2.0.0/dist/images/KM.svg",
    "dial_code": "+269"
  },
  {
    "country": "St. Kitts & Nevis",
    "code": "KN",
    "emoji": "🇰🇳",
    "unicode": "U+1F1F0 U+1F1F3",
    "image": "https://cdn.jsdelivr.net/npm/country-flag-emoji-json@2.0.0/dist/images/KN.svg",
    "dial_code": "+1869"
  },
  {
    "country": "North Korea",
    "code": "KP",
    "emoji": "🇰🇵",
    "unicode": "U+1F1F0 U+1F1F5",
    "image": "https://cdn.jsdelivr.net/npm/country-flag-emoji-json@2.0.0/dist/images/KP.svg",
    "dial_code": "+850"
  },
  {
    "country": "South Korea",
    "code": "KR",
    "emoji": "🇰🇷",
    "unicode": "U+1F1F0 U+1F1F7",
    "image": "https://cdn.jsdelivr.net/npm/country-flag-emoji-json@2.0.0/dist/images/KR.svg",
    "dial_code": "+82"
  },
  {
    "country": "Kuwait",
    "code": "KW",
    "emoji": "🇰🇼",
    "unicode": "U+1F1F0 U+1F1FC",
    "image": "https://cdn.jsdelivr.net/npm/country-flag-emoji-json@2.0.0/dist/images/KW.svg",
    "dial_code": "+965"
  },
  {
    "country": "Cayman Islands",
    "code": "KY",
    "emoji": "🇰🇾",
    "unicode": "U+1F1F0 U+1F1FE",
    "image": "https://cdn.jsdelivr.net/npm/country-flag-emoji-json@2.0.0/dist/images/KY.svg",
    "dial_code": "+345"
  },
  {
    "country": "Kazakhstan",
    "code": "KZ",
    "emoji": "🇰🇿",
    "unicode": "U+1F1F0 U+1F1FF",
    "image": "https://cdn.jsdelivr.net/npm/country-flag-emoji-json@2.0.0/dist/images/KZ.svg",
    "dial_code": "+77"
  },
  {
    "country": "Laos",
    "code": "LA",
    "emoji": "🇱🇦",
    "unicode": "U+1F1F1 U+1F1E6",
    "image": "https://cdn.jsdelivr.net/npm/country-flag-emoji-json@2.0.0/dist/images/LA.svg",
    "dial_code": "+856"
  },
  {
    "country": "Lebanon",
    "code": "LB",
    "emoji": "🇱🇧",
    "unicode": "U+1F1F1 U+1F1E7",
    "image": "https://cdn.jsdelivr.net/npm/country-flag-emoji-json@2.0.0/dist/images/LB.svg",
    "dial_code": "+961"
  },
  {
    "country": "St. Lucia",
    "code": "LC",
    "emoji": "🇱🇨",
    "unicode": "U+1F1F1 U+1F1E8",
    "image": "https://cdn.jsdelivr.net/npm/country-flag-emoji-json@2.0.0/dist/images/LC.svg",
    "dial_code": "+1758"
  },
  {
    "country": "Liechtenstein",
    "code": "LI",
    "emoji": "🇱🇮",
    "unicode": "U+1F1F1 U+1F1EE",
    "image": "https://cdn.jsdelivr.net/npm/country-flag-emoji-json@2.0.0/dist/images/LI.svg",
    "dial_code": "+423"
  },
  {
    "country": "Sri Lanka",
    "code": "LK",
    "emoji": "🇱🇰",
    "unicode": "U+1F1F1 U+1F1F0",
    "image": "https://cdn.jsdelivr.net/npm/country-flag-emoji-json@2.0.0/dist/images/LK.svg",
    "dial_code": "+94"
  },
  {
    "country": "Liberia",
    "code": "LR",
    "emoji": "🇱🇷",
    "unicode": "U+1F1F1 U+1F1F7",
    "image": "https://cdn.jsdelivr.net/npm/country-flag-emoji-json@2.0.0/dist/images/LR.svg",
    "dial_code": "+231"
  },
  {
    "country": "Lesotho",
    "code": "LS",
    "emoji": "🇱🇸",
    "unicode": "U+1F1F1 U+1F1F8",
    "image": "https://cdn.jsdelivr.net/npm/country-flag-emoji-json@2.0.0/dist/images/LS.svg",
    "dial_code": "+266"
  },
  {
    "country": "Lithuania",
    "code": "LT",
    "emoji": "🇱🇹",
    "unicode": "U+1F1F1 U+1F1F9",
    "image": "https://cdn.jsdelivr.net/npm/country-flag-emoji-json@2.0.0/dist/images/LT.svg",
    "dial_code": "+370"
  },
  {
    "country": "Luxembourg",
    "code": "LU",
    "emoji": "🇱🇺",
    "unicode": "U+1F1F1 U+1F1FA",
    "image": "https://cdn.jsdelivr.net/npm/country-flag-emoji-json@2.0.0/dist/images/LU.svg",
    "dial_code": "+352"
  },
  {
    "country": "Latvia",
    "code": "LV",
    "emoji": "🇱🇻",
    "unicode": "U+1F1F1 U+1F1FB",
    "image": "https://cdn.jsdelivr.net/npm/country-flag-emoji-json@2.0.0/dist/images/LV.svg",
    "dial_code": "+371"
  },
  {
    "country": "Libya",
    "code": "LY",
    "emoji": "🇱🇾",
    "unicode": "U+1F1F1 U+1F1FE",
    "image": "https://cdn.jsdelivr.net/npm/country-flag-emoji-json@2.0.0/dist/images/LY.svg",
    "dial_code": "+218"
  },
  {
    "country": "Morocco",
    "code": "MA",
    "emoji": "🇲🇦",
    "unicode": "U+1F1F2 U+1F1E6",
    "image": "https://cdn.jsdelivr.net/npm/country-flag-emoji-json@2.0.0/dist/images/MA.svg",
    "dial_code": "+212"
  },
  {
    "country": "Monaco",
    "code": "MC",
    "emoji": "🇲🇨",
    "unicode": "U+1F1F2 U+1F1E8",
    "image": "https://cdn.jsdelivr.net/npm/country-flag-emoji-json@2.0.0/dist/images/MC.svg",
    "dial_code": "+377"
  },
  {
    "country": "Moldova",
    "code": "MD",
    "emoji": "🇲🇩",
    "unicode": "U+1F1F2 U+1F1E9",
    "image": "https://cdn.jsdelivr.net/npm/country-flag-emoji-json@2.0.0/dist/images/MD.svg",
    "dial_code": "+373"
  },
  {
    "country": "Montenegro",
    "code": "ME",
    "emoji": "🇲🇪",
    "unicode": "U+1F1F2 U+1F1EA",
    "image": "https://cdn.jsdelivr.net/npm/country-flag-emoji-json@2.0.0/dist/images/ME.svg",
    "dial_code": "+382"
  },
  {
    "country": "St. Martin",
    "code": "MF",
    "emoji": "🇲🇫",
    "unicode": "U+1F1F2 U+1F1EB",
    "image": "https://cdn.jsdelivr.net/npm/country-flag-emoji-json@2.0.0/dist/images/MF.svg",
    "dial_code": "+590"
  },
  {
    "country": "Madagascar",
    "code": "MG",
    "emoji": "🇲🇬",
    "unicode": "U+1F1F2 U+1F1EC",
    "image": "https://cdn.jsdelivr.net/npm/country-flag-emoji-json@2.0.0/dist/images/MG.svg",
    "dial_code": "+261"
  },
  {
    "country": "Marshall Islands",
    "code": "MH",
    "emoji": "🇲🇭",
    "unicode": "U+1F1F2 U+1F1ED",
    "image": "https://cdn.jsdelivr.net/npm/country-flag-emoji-json@2.0.0/dist/images/MH.svg",
    "dial_code": "+692"
  },
  {
    "country": "North Macedonia",
    "code": "MK",
    "emoji": "🇲🇰",
    "unicode": "U+1F1F2 U+1F1F0",
    "image": "https://cdn.jsdelivr.net/npm/country-flag-emoji-json@2.0.0/dist/images/MK.svg",
    "dial_code": "+389"
  },
  {
    "country": "Mali",
    "code": "ML",
    "emoji": "🇲🇱",
    "unicode": "U+1F1F2 U+1F1F1",
    "image": "https://cdn.jsdelivr.net/npm/country-flag-emoji-json@2.0.0/dist/images/ML.svg",
    "dial_code": "+223"
  },
  {
    "country": "Myanmar (Burma)",
    "code": "MM",
    "emoji": "🇲🇲",
    "unicode": "U+1F1F2 U+1F1F2",
    "image": "https://cdn.jsdelivr.net/npm/country-flag-emoji-json@2.0.0/dist/images/MM.svg",
    "dial_code": "+95"
  },
  {
    "country": "Mongolia",
    "code": "MN",
    "emoji": "🇲🇳",
    "unicode": "U+1F1F2 U+1F1F3",
    "image": "https://cdn.jsdelivr.net/npm/country-flag-emoji-json@2.0.0/dist/images/MN.svg",
    "dial_code": "+976"
  },
  {
    "country": "Macao SAR China",
    "code": "MO",
    "emoji": "🇲🇴",
    "unicode": "U+1F1F2 U+1F1F4",
    "image": "https://cdn.jsdelivr.net/npm/country-flag-emoji-json@2.0.0/dist/images/MO.svg",
    "dial_code": "+852"
  },
  {
    "country": "Northern Mariana Islands",
    "code": "MP",
    "emoji": "🇲🇵",
    "unicode": "U+1F1F2 U+1F1F5",
    "image": "https://cdn.jsdelivr.net/npm/country-flag-emoji-json@2.0.0/dist/images/MP.svg",
    "dial_code": "+1670"
  },
  {
    "country": "Martinique",
    "code": "MQ",
    "emoji": "🇲🇶",
    "unicode": "U+1F1F2 U+1F1F6",
    "image": "https://cdn.jsdelivr.net/npm/country-flag-emoji-json@2.0.0/dist/images/MQ.svg",
    "dial_code": "+596"
  },
  {
    "country": "Mauritania",
    "code": "MR",
    "emoji": "🇲🇷",
    "unicode": "U+1F1F2 U+1F1F7",
    "image": "https://cdn.jsdelivr.net/npm/country-flag-emoji-json@2.0.0/dist/images/MR.svg",
    "dial_code": "+222"
  },
  {
    "country": "Montserrat",
    "code": "MS",
    "emoji": "🇲🇸",
    "unicode": "U+1F1F2 U+1F1F8",
    "image": "https://cdn.jsdelivr.net/npm/country-flag-emoji-json@2.0.0/dist/images/MS.svg",
    "dial_code": "+1664"
  },
  {
    "country": "Malta",
    "code": "MT",
    "emoji": "🇲🇹",
    "unicode": "U+1F1F2 U+1F1F9",
    "image": "https://cdn.jsdelivr.net/npm/country-flag-emoji-json@2.0.0/dist/images/MT.svg",
    "dial_code": "+356"
  },
  {
    "country": "Mauritius",
    "code": "MU",
    "emoji": "🇲🇺",
    "unicode": "U+1F1F2 U+1F1FA",
    "image": "https://cdn.jsdelivr.net/npm/country-flag-emoji-json@2.0.0/dist/images/MU.svg",
    "dial_code": "+230"
  },
  {
    "country": "Maldives",
    "code": "MV",
    "emoji": "🇲🇻",
    "unicode": "U+1F1F2 U+1F1FB",
    "image": "https://cdn.jsdelivr.net/npm/country-flag-emoji-json@2.0.0/dist/images/MV.svg",
    "dial_code": "+960"
  },
  {
    "country": "Malawi",
    "code": "MW",
    "emoji": "🇲🇼",
    "unicode": "U+1F1F2 U+1F1FC",
    "image": "https://cdn.jsdelivr.net/npm/country-flag-emoji-json@2.0.0/dist/images/MW.svg",
    "dial_code": "+265"
  },
  {
    "country": "Mexico",
    "code": "MX",
    "emoji": "🇲🇽",
    "unicode": "U+1F1F2 U+1F1FD",
    "image": "https://cdn.jsdelivr.net/npm/country-flag-emoji-json@2.0.0/dist/images/MX.svg",
    "dial_code": "+52"
  },
  {
    "country": "Malaysia",
    "code": "MY",
    "emoji": "🇲🇾",
    "unicode": "U+1F1F2 U+1F1FE",
    "image": "https://cdn.jsdelivr.net/npm/country-flag-emoji-json@2.0.0/dist/images/MY.svg",
    "dial_code": "+60"
  },
  {
    "country": "Mozambique",
    "code": "MZ",
    "emoji": "🇲🇿",
    "unicode": "U+1F1F2 U+1F1FF",
    "image": "https://cdn.jsdelivr.net/npm/country-flag-emoji-json@2.0.0/dist/images/MZ.svg",
    "dial_code": "+258"
  },
  {
    "country": "Namibia",
    "code": "NA",
    "emoji": "🇳🇦",
    "unicode": "U+1F1F3 U+1F1E6",
    "image": "https://cdn.jsdelivr.net/npm/country-flag-emoji-json@2.0.0/dist/images/NA.svg",
    "dial_code": "+264"
  },
  {
    "country": "New Caledonia",
    "code": "NC",
    "emoji": "🇳🇨",
    "unicode": "U+1F1F3 U+1F1E8",
    "image": "https://cdn.jsdelivr.net/npm/country-flag-emoji-json@2.0.0/dist/images/NC.svg",
    "dial_code": "+687"
  },
  {
    "country": "Niger",
    "code": "NE",
    "emoji": "🇳🇪",
    "unicode": "U+1F1F3 U+1F1EA",
    "image": "https://cdn.jsdelivr.net/npm/country-flag-emoji-json@2.0.0/dist/images/NE.svg",
    "dial_code": "+227"
  },
  {
    "country": "Norfolk Island",
    "code": "NF",
    "emoji": "🇳🇫",
    "unicode": "U+1F1F3 U+1F1EB",
    "image": "https://cdn.jsdelivr.net/npm/country-flag-emoji-json@2.0.0/dist/images/NF.svg",
    "dial_code": "+672"
  },
  {
    "country": "Nigeria",
    "code": "NG",
    "emoji": "🇳🇬",
    "unicode": "U+1F1F3 U+1F1EC",
    "image": "https://cdn.jsdelivr.net/npm/country-flag-emoji-json@2.0.0/dist/images/NG.svg",
    "dial_code": "+234"
  },
  {
    "country": "Nicaragua",
    "code": "NI",
    "emoji": "🇳🇮",
    "unicode": "U+1F1F3 U+1F1EE",
    "image": "https://cdn.jsdelivr.net/npm/country-flag-emoji-json@2.0.0/dist/images/NI.svg",
    "dial_code": "+505"
  },
  {
    "country": "Netherlands",
    "code": "NL",
    "emoji": "🇳🇱",
    "unicode": "U+1F1F3 U+1F1F1",
    "image": "https://cdn.jsdelivr.net/npm/country-flag-emoji-json@2.0.0/dist/images/NL.svg",
    "dial_code": "+31"
  },
  {
    "country": "Norway",
    "code": "NO",
    "emoji": "🇳🇴",
    "unicode": "U+1F1F3 U+1F1F4",
    "image": "https://cdn.jsdelivr.net/npm/country-flag-emoji-json@2.0.0/dist/images/NO.svg",
    "dial_code": "+47"
  },
  {
    "country": "Nepal",
    "code": "NP",
    "emoji": "🇳🇵",
    "unicode": "U+1F1F3 U+1F1F5",
    "image": "https://cdn.jsdelivr.net/npm/country-flag-emoji-json@2.0.0/dist/images/NP.svg",
    "dial_code": "+977"
  },
  {
    "country": "Nauru",
    "code": "NR",
    "emoji": "🇳🇷",
    "unicode": "U+1F1F3 U+1F1F7",
    "image": "https://cdn.jsdelivr.net/npm/country-flag-emoji-json@2.0.0/dist/images/NR.svg",
    "dial_code": "+674"
  },
  {
    "country": "Niue",
    "code": "NU",
    "emoji": "🇳🇺",
    "unicode": "U+1F1F3 U+1F1FA",
    "image": "https://cdn.jsdelivr.net/npm/country-flag-emoji-json@2.0.0/dist/images/NU.svg",
    "dial_code": "+683"
  },
  {
    "country": "New Zealand",
    "code": "NZ",
    "emoji": "🇳🇿",
    "unicode": "U+1F1F3 U+1F1FF",
    "image": "https://cdn.jsdelivr.net/npm/country-flag-emoji-json@2.0.0/dist/images/NZ.svg",
    "dial_code": "+64"
  },
  {
    "country": "Oman",
    "code": "OM",
    "emoji": "🇴🇲",
    "unicode": "U+1F1F4 U+1F1F2",
    "image": "https://cdn.jsdelivr.net/npm/country-flag-emoji-json@2.0.0/dist/images/OM.svg",
    "dial_code": "+968"
  },
  {
    "country": "Panama",
    "code": "PA",
    "emoji": "🇵🇦",
    "unicode": "U+1F1F5 U+1F1E6",
    "image": "https://cdn.jsdelivr.net/npm/country-flag-emoji-json@2.0.0/dist/images/PA.svg",
    "dial_code": "+507"
  },
  {
    "country": "Peru",
    "code": "PE",
    "emoji": "🇵🇪",
    "unicode": "U+1F1F5 U+1F1EA",
    "image": "https://cdn.jsdelivr.net/npm/country-flag-emoji-json@2.0.0/dist/images/PE.svg",
    "dial_code": "+51"
  },
  {
    "country": "French Polynesia",
    "code": "PF",
    "emoji": "🇵🇫",
    "unicode": "U+1F1F5 U+1F1EB",
    "image": "https://cdn.jsdelivr.net/npm/country-flag-emoji-json@2.0.0/dist/images/PF.svg",
    "dial_code": "+689"
  },
  {
    "country": "Papua New Guinea",
    "code": "PG",
    "emoji": "🇵🇬",
    "unicode": "U+1F1F5 U+1F1EC",
    "image": "https://cdn.jsdelivr.net/npm/country-flag-emoji-json@2.0.0/dist/images/PG.svg",
    "dial_code": "+675"
  },
  {
    "country": "Philippines",
    "code": "PH",
    "emoji": "🇵🇭",
    "unicode": "U+1F1F5 U+1F1ED",
    "image": "https://cdn.jsdelivr.net/npm/country-flag-emoji-json@2.0.0/dist/images/PH.svg",
    "dial_code": "+63"
  },
  {
    "country": "Pakistan",
    "code": "PK",
    "emoji": "🇵🇰",
    "unicode": "U+1F1F5 U+1F1F0",
    "image": "https://cdn.jsdelivr.net/npm/country-flag-emoji-json@2.0.0/dist/images/PK.svg",
    "dial_code": "+92"
  },
  {
    "country": "Poland",
    "code": "PL",
    "emoji": "🇵🇱",
    "unicode": "U+1F1F5 U+1F1F1",
    "image": "https://cdn.jsdelivr.net/npm/country-flag-emoji-json@2.0.0/dist/images/PL.svg",
    "dial_code": "+48"
  },
  {
    "country": "St. Pierre & Miquelon",
    "code": "PM",
    "emoji": "🇵🇲",
    "unicode": "U+1F1F5 U+1F1F2",
    "image": "https://cdn.jsdelivr.net/npm/country-flag-emoji-json@2.0.0/dist/images/PM.svg",
    "dial_code": "+50"
  },
  {
    "country": "Pitcairn Islands",
    "code": "PN",
    "emoji": "🇵🇳",
    "unicode": "U+1F1F5 U+1F1F3",
    "image": "https://cdn.jsdelivr.net/npm/country-flag-emoji-json@2.0.0/dist/images/PN.svg",
    "dial_code": "+64"
  },
  {
    "country": "Puerto Rico",
    "code": "PR",
    "emoji": "🇵🇷",
    "unicode": "U+1F1F5 U+1F1F7",
    "image": "https://cdn.jsdelivr.net/npm/country-flag-emoji-json@2.0.0/dist/images/PR.svg",
    "dial_code": "+1939"
  },
  {
    "country": "Palestinian Territories",
    "code": "PS",
    "emoji": "🇵🇸",
    "unicode": "U+1F1F5 U+1F1F8",
    "image": "https://cdn.jsdelivr.net/npm/country-flag-emoji-json@2.0.0/dist/images/PS.svg",
    "dial_code": "+970"
  },
  {
    "country": "Portugal",
    "code": "PT",
    "emoji": "🇵🇹",
    "unicode": "U+1F1F5 U+1F1F9",
    "image": "https://cdn.jsdelivr.net/npm/country-flag-emoji-json@2.0.0/dist/images/PT.svg",
    "dial_code": "+351"
  },
  {
    "country": "Palau",
    "code": "PW",
    "emoji": "🇵🇼",
    "unicode": "U+1F1F5 U+1F1FC",
    "image": "https://cdn.jsdelivr.net/npm/country-flag-emoji-json@2.0.0/dist/images/PW.svg",
    "dial_code": "+680"
  },
  {
    "country": "Paraguay",
    "code": "PY",
    "emoji": "🇵🇾",
    "unicode": "U+1F1F5 U+1F1FE",
    "image": "https://cdn.jsdelivr.net/npm/country-flag-emoji-json@2.0.0/dist/images/PY.svg",
    "dial_code": "+595"
  },
  {
    "country": "Qatar",
    "code": "QA",
    "emoji": "🇶🇦",
    "unicode": "U+1F1F6 U+1F1E6",
    "image": "https://cdn.jsdelivr.net/npm/country-flag-emoji-json@2.0.0/dist/images/QA.svg",
    "dial_code": "+974"
  },
  {
    "country": "Réunion",
    "code": "RE",
    "emoji": "🇷🇪",
    "unicode": "U+1F1F7 U+1F1EA",
    "image": "https://cdn.jsdelivr.net/npm/country-flag-emoji-json@2.0.0/dist/images/RE.svg",
    "dial_code": "+262"
  },
  {
    "country": "Romania",
    "code": "RO",
    "emoji": "🇷🇴",
    "unicode": "U+1F1F7 U+1F1F4",
    "image": "https://cdn.jsdelivr.net/npm/country-flag-emoji-json@2.0.0/dist/images/RO.svg",
    "dial_code": "+40"
  },
  {
    "country": "Serbia",
    "code": "RS",
    "emoji": "🇷🇸",
    "unicode": "U+1F1F7 U+1F1F8",
    "image": "https://cdn.jsdelivr.net/npm/country-flag-emoji-json@2.0.0/dist/images/RS.svg",
    "dial_code": "+381"
  },
  {
    "country": "Russia",
    "code": "RU",
    "emoji": "🇷🇺",
    "unicode": "U+1F1F7 U+1F1FA",
    "image": "https://cdn.jsdelivr.net/npm/country-flag-emoji-json@2.0.0/dist/images/RU.svg",
    "dial_code": "+7"
  },
  {
    "country": "Rwanda",
    "code": "RW",
    "emoji": "🇷🇼",
    "unicode": "U+1F1F7 U+1F1FC",
    "image": "https://cdn.jsdelivr.net/npm/country-flag-emoji-json@2.0.0/dist/images/RW.svg",
    "dial_code": "+250"
  },
  {
    "country": "Saudi Arabia",
    "code": "SA",
    "emoji": "🇸🇦",
    "unicode": "U+1F1F8 U+1F1E6",
    "image": "https://cdn.jsdelivr.net/npm/country-flag-emoji-json@2.0.0/dist/images/SA.svg",
    "dial_code": "+966"
  },
  {
    "country": "Solomon Islands",
    "code": "SB",
    "emoji": "🇸🇧",
    "unicode": "U+1F1F8 U+1F1E7",
    "image": "https://cdn.jsdelivr.net/npm/country-flag-emoji-json@2.0.0/dist/images/SB.svg",
    "dial_code": "+677"
  },
  {
    "country": "Seychelles",
    "code": "SC",
    "emoji": "🇸🇨",
    "unicode": "U+1F1F8 U+1F1E8",
    "image": "https://cdn.jsdelivr.net/npm/country-flag-emoji-json@2.0.0/dist/images/SC.svg",
    "dial_code": "+248"
  },
  {
    "country": "Sudan",
    "code": "SD",
    "emoji": "🇸🇩",
    "unicode": "U+1F1F8 U+1F1E9",
    "image": "https://cdn.jsdelivr.net/npm/country-flag-emoji-json@2.0.0/dist/images/SD.svg",
    "dial_code": "+249"
  },
  {
    "country": "Sweden",
    "code": "SE",
    "emoji": "🇸🇪",
    "unicode": "U+1F1F8 U+1F1EA",
    "image": "https://cdn.jsdelivr.net/npm/country-flag-emoji-json@2.0.0/dist/images/SE.svg",
    "dial_code": "+46"
  },
  {
    "country": "Singapore",
    "code": "SG",
    "emoji": "🇸🇬",
    "unicode": "U+1F1F8 U+1F1EC",
    "image": "https://cdn.jsdelivr.net/npm/country-flag-emoji-json@2.0.0/dist/images/SG.svg",
    "dial_code": "+65"
  },
  {
    "country": "St. Helena",
    "code": "SH",
    "emoji": "🇸🇭",
    "unicode": "U+1F1F8 U+1F1ED",
    "image": "https://cdn.jsdelivr.net/npm/country-flag-emoji-json@2.0.0/dist/images/SH.svg",
    "dial_code": "+290"
  },
  {
    "country": "Slovenia",
    "code": "SI",
    "emoji": "🇸🇮",
    "unicode": "U+1F1F8 U+1F1EE",
    "image": "https://cdn.jsdelivr.net/npm/country-flag-emoji-json@2.0.0/dist/images/SI.svg",
    "dial_code": "+386"
  },
  {
    "country": "Svalbard & Jan Mayen",
    "code": "SJ",
    "emoji": "🇸🇯",
    "unicode": "U+1F1F8 U+1F1EF",
    "image": "https://cdn.jsdelivr.net/npm/country-flag-emoji-json@2.0.0/dist/images/SJ.svg",
    "dial_code": "+47"
  },
  {
    "country": "Slovakia",
    "code": "SK",
    "emoji": "🇸🇰",
    "unicode": "U+1F1F8 U+1F1F0",
    "image": "https://cdn.jsdelivr.net/npm/country-flag-emoji-json@2.0.0/dist/images/SK.svg",
    "dial_code": "+421"
  },
  {
    "country": "Sierra Leone",
    "code": "SL",
    "emoji": "🇸🇱",
    "unicode": "U+1F1F8 U+1F1F1",
    "image": "https://cdn.jsdelivr.net/npm/country-flag-emoji-json@2.0.0/dist/images/SL.svg",
    "dial_code": "+232"
  },
  {
    "country": "San Marino",
    "code": "SM",
    "emoji": "🇸🇲",
    "unicode": "U+1F1F8 U+1F1F2",
    "image": "https://cdn.jsdelivr.net/npm/country-flag-emoji-json@2.0.0/dist/images/SM.svg",
    "dial_code": "+378"
  },
  {
    "country": "Senegal",
    "code": "SN",
    "emoji": "🇸🇳",
    "unicode": "U+1F1F8 U+1F1F3",
    "image": "https://cdn.jsdelivr.net/npm/country-flag-emoji-json@2.0.0/dist/images/SN.svg",
    "dial_code": "+221"
  },
  {
    "country": "Somalia",
    "code": "SO",
    "emoji": "🇸🇴",
    "unicode": "U+1F1F8 U+1F1F4",
    "image": "https://cdn.jsdelivr.net/npm/country-flag-emoji-json@2.0.0/dist/images/SO.svg",
    "dial_code": "+252"
  },
  {
    "country": "Suriname",
    "code": "SR",
    "emoji": "🇸🇷",
    "unicode": "U+1F1F8 U+1F1F7",
    "image": "https://cdn.jsdelivr.net/npm/country-flag-emoji-json@2.0.0/dist/images/SR.svg",
    "dial_code": "+597"
  },
  {
    "country": "South Sudan",
    "code": "SS",
    "emoji": "🇸🇸",
    "unicode": "U+1F1F8 U+1F1F8",
    "image": "https://cdn.jsdelivr.net/npm/country-flag-emoji-json@2.0.0/dist/images/SS.svg",
    "dial_code": "+211"
  },
  {
    "country": "São Tomé & Príncipe",
    "code": "ST",
    "emoji": "🇸🇹",
    "unicode": "U+1F1F8 U+1F1F9",
    "image": "https://cdn.jsdelivr.net/npm/country-flag-emoji-json@2.0.0/dist/images/ST.svg",
    "dial_code": "+239"
  },
  {
    "country": "El Salvador",
    "code": "SV",
    "emoji": "🇸🇻",
    "unicode": "U+1F1F8 U+1F1FB",
    "image": "https://cdn.jsdelivr.net/npm/country-flag-emoji-json@2.0.0/dist/images/SV.svg",
    "dial_code": "+503"
  },
  {
    "country": "Sint Maarten",
    "code": "SX",
    "emoji": "🇸🇽",
    "unicode": "U+1F1F8 U+1F1FD",
    "image": "https://cdn.jsdelivr.net/npm/country-flag-emoji-json@2.0.0/dist/images/SX.svg",
    "dial_code": "+721"
  },
  {
    "country": "Syria",
    "code": "SY",
    "emoji": "🇸🇾",
    "unicode": "U+1F1F8 U+1F1FE",
    "image": "https://cdn.jsdelivr.net/npm/country-flag-emoji-json@2.0.0/dist/images/SY.svg",
    "dial_code": "+963"
  },
  {
    "country": "Eswatini",
    "code": "SZ",
    "emoji": "🇸🇿",
    "unicode": "U+1F1F8 U+1F1FF",
    "image": "https://cdn.jsdelivr.net/npm/country-flag-emoji-json@2.0.0/dist/images/SZ.svg",
    "dial_code": "+268"
  },
  {
    "country": "Tristan da Cunha",
    "code": "TA",
    "emoji": "🇹🇦",
    "unicode": "U+1F1F9 U+1F1E6",
    "image": "https://cdn.jsdelivr.net/npm/country-flag-emoji-json@2.0.0/dist/images/TA.svg",
    "dial_code": "+290"
  },
  {
    "country": "Turks & Caicos Islands",
    "code": "TC",
    "emoji": "🇹🇨",
    "unicode": "U+1F1F9 U+1F1E8",
    "image": "https://cdn.jsdelivr.net/npm/country-flag-emoji-json@2.0.0/dist/images/TC.svg",
    "dial_code": "+1649"
  },
  {
    "country": "Chad",
    "code": "TD",
    "emoji": "🇹🇩",
    "unicode": "U+1F1F9 U+1F1E9",
    "image": "https://cdn.jsdelivr.net/npm/country-flag-emoji-json@2.0.0/dist/images/TD.svg",
    "dial_code": "+235"
  },
  {
    "country": "French Southern Territories",
    "code": "TF",
    "emoji": "🇹🇫",
    "unicode": "U+1F1F9 U+1F1EB",
    "image": "https://cdn.jsdelivr.net/npm/country-flag-emoji-json@2.0.0/dist/images/TF.svg",
    "dial_code": "+262"
  },
  {
    "country": "Togo",
    "code": "TG",
    "emoji": "🇹🇬",
    "unicode": "U+1F1F9 U+1F1EC",
    "image": "https://cdn.jsdelivr.net/npm/country-flag-emoji-json@2.0.0/dist/images/TG.svg",
    "dial_code": "+228"
  },
  {
    "country": "Thailand",
    "code": "TH",
    "emoji": "🇹🇭",
    "unicode": "U+1F1F9 U+1F1ED",
    "image": "https://cdn.jsdelivr.net/npm/country-flag-emoji-json@2.0.0/dist/images/TH.svg",
    "dial_code": "+66"
  },
  {
    "country": "Tajikistan",
    "code": "TJ",
    "emoji": "🇹🇯",
    "unicode": "U+1F1F9 U+1F1EF",
    "image": "https://cdn.jsdelivr.net/npm/country-flag-emoji-json@2.0.0/dist/images/TJ.svg",
    "dial_code": "+992"
  },
  {
    "country": "Tokelau",
    "code": "TK",
    "emoji": "🇹🇰",
    "unicode": "U+1F1F9 U+1F1F0",
    "image": "https://cdn.jsdelivr.net/npm/country-flag-emoji-json@2.0.0/dist/images/TK.svg",
    "dial_code": "+690"
  },
  {
    "country": "Timor-Leste",
    "code": "TL",
    "emoji": "🇹🇱",
    "unicode": "U+1F1F9 U+1F1F1",
    "image": "https://cdn.jsdelivr.net/npm/country-flag-emoji-json@2.0.0/dist/images/TL.svg",
    "dial_code": "+670"
  },
  {
    "country": "Turkmenistan",
    "code": "TM",
    "emoji": "🇹🇲",
    "unicode": "U+1F1F9 U+1F1F2",
    "image": "https://cdn.jsdelivr.net/npm/country-flag-emoji-json@2.0.0/dist/images/TM.svg",
    "dial_code": "+993"
  },
  {
    "country": "Tunisia",
    "code": "TN",
    "emoji": "🇹🇳",
    "unicode": "U+1F1F9 U+1F1F3",
    "image": "https://cdn.jsdelivr.net/npm/country-flag-emoji-json@2.0.0/dist/images/TN.svg",
    "dial_code": "+216"
  },
  {
    "country": "Tonga",
    "code": "TO",
    "emoji": "🇹🇴",
    "unicode": "U+1F1F9 U+1F1F4",
    "image": "https://cdn.jsdelivr.net/npm/country-flag-emoji-json@2.0.0/dist/images/TO.svg",
    "dial_code": "+676"
  },
  {
    "country": "Turkey",
    "code": "TR",
    "emoji": "🇹🇷",
    "unicode": "U+1F1F9 U+1F1F7",
    "image": "https://cdn.jsdelivr.net/npm/country-flag-emoji-json@2.0.0/dist/images/TR.svg",
    "dial_code": "+90"
  },
  {
    "country": "Trinidad & Tobago",
    "code": "TT",
    "emoji": "🇹🇹",
    "unicode": "U+1F1F9 U+1F1F9",
    "image": "https://cdn.jsdelivr.net/npm/country-flag-emoji-json@2.0.0/dist/images/TT.svg",
    "dial_code": "+1868"
  },
  {
    "country": "Tuvalu",
    "code": "TV",
    "emoji": "🇹🇻",
    "unicode": "U+1F1F9 U+1F1FB",
    "image": "https://cdn.jsdelivr.net/npm/country-flag-emoji-json@2.0.0/dist/images/TV.svg",
    "dial_code": "+688"
  },
  {
    "country": "Taiwan",
    "code": "TW",
    "emoji": "🇹🇼",
    "unicode": "U+1F1F9 U+1F1FC",
    "image": "https://cdn.jsdelivr.net/npm/country-flag-emoji-json@2.0.0/dist/images/TW.svg",
    "dial_code": "+886"
  },
  {
    "country": "Tanzania",
    "code": "TZ",
    "emoji": "🇹🇿",
    "unicode": "U+1F1F9 U+1F1FF",
    "image": "https://cdn.jsdelivr.net/npm/country-flag-emoji-json@2.0.0/dist/images/TZ.svg",
    "dial_code": "+255"
  },
  {
    "country": "Ukraine",
    "code": "UA",
    "emoji": "🇺🇦",
    "unicode": "U+1F1FA U+1F1E6",
    "image": "https://cdn.jsdelivr.net/npm/country-flag-emoji-json@2.0.0/dist/images/UA.svg",
    "dial_code": "+380"
  },
  {
    "country": "Uganda",
    "code": "UG",
    "emoji": "🇺🇬",
    "unicode": "U+1F1FA U+1F1EC",
    "image": "https://cdn.jsdelivr.net/npm/country-flag-emoji-json@2.0.0/dist/images/UG.svg",
    "dial_code": "+256"
  },
  {
    "country": "U.S. Outlying Islands",
    "code": "UM",
    "emoji": "🇺🇲",
    "unicode": "U+1F1FA U+1F1F2",
    "image": "https://cdn.jsdelivr.net/npm/country-flag-emoji-json@2.0.0/dist/images/UM.svg",
    "dial_code": "+1"
  },
  {
    "country": "United Nations",
    "code": "UN",
    "emoji": "🇺🇳",
    "unicode": "U+1F1FA U+1F1F3",
    "image": "https://cdn.jsdelivr.net/npm/country-flag-emoji-json@2.0.0/dist/images/UN.svg",
    "dial_code": "+1"
  },
  {
    "country": "United States",
    "code": "US",
    "emoji": "🇺🇸",
    "unicode": "U+1F1FA U+1F1F8",
    "image": "https://cdn.jsdelivr.net/npm/country-flag-emoji-json@2.0.0/dist/images/US.svg",
    "dial_code": "+1"
  },
  {
    "country": "Uruguay",
    "code": "UY",
    "emoji": "🇺🇾",
    "unicode": "U+1F1FA U+1F1FE",
    "image": "https://cdn.jsdelivr.net/npm/country-flag-emoji-json@2.0.0/dist/images/UY.svg",
    "dial_code": "+598"
  },
  {
    "country": "Uzbekistan",
    "code": "UZ",
    "emoji": "🇺🇿",
    "unicode": "U+1F1FA U+1F1FF",
    "image": "https://cdn.jsdelivr.net/npm/country-flag-emoji-json@2.0.0/dist/images/UZ.svg",
    "dial_code": "+998"
  },
  {
    "country": "Vatican City",
    "code": "VA",
    "emoji": "🇻🇦",
    "unicode": "U+1F1FB U+1F1E6",
    "image": "https://cdn.jsdelivr.net/npm/country-flag-emoji-json@2.0.0/dist/images/VA.svg",
    "dial_code": "+379"
  },
  {
    "country": "St. Vincent & Grenadines",
    "code": "VC",
    "emoji": "🇻🇨",
    "unicode": "U+1F1FB U+1F1E8",
    "image": "https://cdn.jsdelivr.net/npm/country-flag-emoji-json@2.0.0/dist/images/VC.svg",
    "dial_code": "+"
  },
  {
    "country": "Venezuela",
    "code": "VE",
    "emoji": "🇻🇪",
    "unicode": "U+1F1FB U+1F1EA",
    "image": "https://cdn.jsdelivr.net/npm/country-flag-emoji-json@2.0.0/dist/images/VE.svg",
    "dial_code": "+58"
  },
  {
    "country": "British Virgin Islands",
    "code": "VG",
    "emoji": "🇻🇬",
    "unicode": "U+1F1FB U+1F1EC",
    "image": "https://cdn.jsdelivr.net/npm/country-flag-emoji-json@2.0.0/dist/images/VG.svg",
    "dial_code": "+1"
  },
  {
    "country": "U.S. Virgin Islands",
    "code": "VI",
    "emoji": "🇻🇮",
    "unicode": "U+1F1FB U+1F1EE",
    "image": "https://cdn.jsdelivr.net/npm/country-flag-emoji-json@2.0.0/dist/images/VI.svg",
    "dial_code": "+1"
  },
  {
    "country": "Vietnam",
    "code": "VN",
    "emoji": "🇻🇳",
    "unicode": "U+1F1FB U+1F1F3",
    "image": "https://cdn.jsdelivr.net/npm/country-flag-emoji-json@2.0.0/dist/images/VN.svg",
    "dial_code": "+84"
  },
  {
    "country": "Vanuatu",
    "code": "VU",
    "emoji": "🇻🇺",
    "unicode": "U+1F1FB U+1F1FA",
    "image": "https://cdn.jsdelivr.net/npm/country-flag-emoji-json@2.0.0/dist/images/VU.svg",
    "dial_code": "+678"
  },
  {
    "country": "Wallis & Futuna",
    "code": "WF",
    "emoji": "🇼🇫",
    "unicode": "U+1F1FC U+1F1EB",
    "image": "https://cdn.jsdelivr.net/npm/country-flag-emoji-json@2.0.0/dist/images/WF.svg",
    "dial_code": "+681"
  },
  {
    "country": "Samoa",
    "code": "WS",
    "emoji": "🇼🇸",
    "unicode": "U+1F1FC U+1F1F8",
    "image": "https://cdn.jsdelivr.net/npm/country-flag-emoji-json@2.0.0/dist/images/WS.svg",
    "dial_code": "+685"
  },
  {
    "country": "Kosovo",
    "code": "XK",
    "emoji": "🇽🇰",
    "unicode": "U+1F1FD U+1F1F0",
    "image": "https://cdn.jsdelivr.net/npm/country-flag-emoji-json@2.0.0/dist/images/XK.svg",
    "dial_code": "+383"
  },
  {
    "country": "Yemen",
    "code": "YE",
    "emoji": "🇾🇪",
    "unicode": "U+1F1FE U+1F1EA",
    "image": "https://cdn.jsdelivr.net/npm/country-flag-emoji-json@2.0.0/dist/images/YE.svg",
    "dial_code": "+967"
  },
  {
    "country": "Mayotte",
    "code": "YT",
    "emoji": "🇾🇹",
    "unicode": "U+1F1FE U+1F1F9",
    "image": "https://cdn.jsdelivr.net/npm/country-flag-emoji-json@2.0.0/dist/images/YT.svg",
    "dial_code": "+262"
  },
  {
    "country": "South Africa",
    "code": "ZA",
    "emoji": "🇿🇦",
    "unicode": "U+1F1FF U+1F1E6",
    "image": "https://cdn.jsdelivr.net/npm/country-flag-emoji-json@2.0.0/dist/images/ZA.svg",
    "dial_code": "+27"
  },
  {
    "country": "Zambia",
    "code": "ZM",
    "emoji": "🇿🇲",
    "unicode": "U+1F1FF U+1F1F2",
    "image": "https://cdn.jsdelivr.net/npm/country-flag-emoji-json@2.0.0/dist/images/ZM.svg",
    "dial_code": "+260"
  },
  {
    "country": "Zimbabwe",
    "code": "ZW",
    "emoji": "🇿🇼",
    "unicode": "U+1F1FF U+1F1FC",
    "image": "https://cdn.jsdelivr.net/npm/country-flag-emoji-json@2.0.0/dist/images/ZW.svg",
    "dial_code": "+263"
  },
  {
    "country": "England",
    "code": "ENGLAND",
    "emoji": "🏴󠁧󠁢󠁥󠁮󠁧󠁿",
    "unicode": "U+1F3F4 U+E0067 U+E0062 U+E0065 U+E006E U+E0067 U+E007F",
    "image": "https://cdn.jsdelivr.net/npm/country-flag-emoji-json@2.0.0/dist/images/ENGLAND.svg",
    "dial_code": "+44"
  },
  {
    "country": "Scotland",
    "code": "SCOTLAND",
    "emoji": "🏴󠁧󠁢󠁳󠁣󠁴󠁿",
    "unicode": "U+1F3F4 U+E0067 U+E0062 U+E0073 U+E0063 U+E0074 U+E007F",
    "image": "https://cdn.jsdelivr.net/npm/country-flag-emoji-json@2.0.0/dist/images/SCOTLAND.svg",
    "dial_code": "+44"
  },
  {
    "country": "Wales",
    "code": "WALES",
    "emoji": "🏴󠁧󠁢󠁷󠁬󠁳󠁿",
    "unicode": "U+1F3F4 U+E0067 U+E0062 U+E0077 U+E006C U+E0073 U+E007F",
    "image": "https://cdn.jsdelivr.net/npm/country-flag-emoji-json@2.0.0/dist/images/WALES.svg",
    "dial_code": "+44"
  }
]
